Name,Gender,Kin?,BirthYear,DeathYear,BirthPlace,Smallest Birth Place,Birth State,Birth Country
? Alcock,F,N,,,,,,
? Behr,M,N,,,,,,
? Chambers,M,N,,,England,,,England
? Denny,M,N,,,,,,
? Foulger,F,Y,,,England,,,England
? Gros,M,N,,,,,,
? Hasentleuer,M,N,,,,,,
? Hummet,M,N,,,England,,,England
? Jesser,M,N,,,England,,,England
? Kettilby,M,N,,,"Dublin, Leinster, Ireland",Dublin,Leinster,Ireland
? Leef,M,N,,,,,,
? Lloyd (Female),F,N,,,England,,,England
? Lloyd (Male),M,N,,,England,,,England
? Martin,F,N,,,"Whitehaven, Cumbria, England",Whitehaven,Cumbria,England
? Mead,F,N,,,England,,,England
? Moody,M,N,,,,,,
? Morris,F,N,,,England,,,England
? Peill,M,N,,,Sweden,,,Sweden
? Penington,M,N,,,"Bristol, Bristol, England",Bristol,Bristol,England
? Pomeroy,M,N,,,"London, Greater London, England",London,Greater London,England
? Ralph,F,N,1744,1762,"London, Greater London, England",London,Greater London,England
? Robertson,M,N,,,,,,
? Shervell,M,N,,,England,,,England
? Spence,M,N,,,,,,
? Todd,F,N,,,,,,
? Viny,F,N,,,,,,
? Wood (Female),F,N,,,,,,
? Wood (Male),M,N,,,,,,
Aaron Franks,M,N,1692,1777,England,,,England
Abbot Upcher,M,N,1722,1770,"Sudbury, Suffolk, England",Sudbury,Suffolk,England
Abel James,M,N,1724,1790,,,,
Abraham Hunt,M,N,,,,,,
Académie Royale des Sciences,G,N,,,"Paris, Île-de-France, France",Paris,Île-de-France,France
Adolf Benzelius,M,N,1715,1775,"Uppsala, Sweden",Uppsala,,Sweden
Adrien-Louis de Bonnières de Sousastre,M,N,1735,1806,"Lille, Nord-Pas-de-Calais, France",Lille,Nord-Pas-de-Calais,France
Agatha Drummond,M,N,1711,1795,Scotland,,,Scotland
Albany Committee,G,N,,,"New York, America",,New York,America
Alexander Colden,M,N,1716,1774,"New York, America",,New York,America
Alexander Dalrymple,M,N,1737,1808,Newhailes Scotland,Newhailes,,Scotland
Alexander Dick,M,N,1703,1785,"Edinburgh, Scotland",Edinburgh,,Scotland
Alexander Garden,M,N,1730,1791,"Birse, Aberdeenshire, Scotland",Birse,Aberdeenshire,Scotland
Alexander Gordon,M,N,,,"Philadelphia, Pennsylvania, America",Philadelphia,Pennsylvania,America
Alexander Jacob,M,N,,1785,England,,,England
Alexander Lunan,M,N,,1770,,,,
Alexander McNutt and Associates,G,N,,,,,,
Alexander Small,M,N,1710,1794,Scotland,,,Scotland
Alexander Wilson,M,N,1714,1786,"St Andrews, Fife, Scotland",St Andrews,Fife,Scotland
Alexis-Janvier La Live de La Briche,M,N,1735,1785,France,,,France
Allen Bathurst,M,N,1684,1775,"London, Greater London, England",London,Greater London,England
Allen England,M,N,,,,,,
Amelia Evans,F,N,1744,,,,,
American Postmasters,G,N,,,,,,
Amos Strettell,M,N,1720,1780,"Dublin, Leinster, Ireland",Dublin,Leinster,Ireland
André Morellet,M,N,1727,1819,"Lyon, Rhône-Alpes, France",Lyon,Rhône-Alpes,France
Andrew Cheap,M,N,1734,1803,,,,
Andrew Millar,M,N,1705,1768,"Port Glasgow, Renfrewshire, Scotland",Port Glasgow,Renfrewshire,Scotland
Andrew Robeson,M,N,1752,1781,"Philadelphia, Pennsylvania, America",Philadelphia,Pennsylvania,America
Anna Mordaunt Shipley,F,N,,,England,,,England
Ann Clay,F,N,1723,1789,,,,
Anne Farrow,F,Y,1686,1771,,,,
Anne Johnson Clarke,F,Y,,1805,,,,
Ann Overall,F,N,,,England,,,England
Ann Penn,F,N,,1767,,,,
Anthony Armbruster,M,N,1717,1796,"Mannheim, Germany",Mannheim,,Germany
Anthony Benezet,M,N,1713,1784,"Saint-Quentin, Picardy, France",Saint-Quentin,Picardy,France
Anthony Stickney,M,Y,1748,1819,"Newburyport, Massachusetts, America",Newburyport,Massachusetts,America
Anthony Syddon,M,N,,,"Pennsylvania, America",,Pennsylvania,America
Anthony Tissington,M,N,,,"Derbyshire, England",,Derbyshire,England
Anthony Todd,M,N,1717,1798,"Frosterley, Durham, England",Frosterley,Durham,England
Archibald McGilchrist,M,N,,,"Glasgow, Scotland",Glasgow,,Scotland
Arthur Lee,M,N,1740,1792,"Westmoreland County, Virginia, America",Westmoreland County,Virginia,America
Associates of Dr. Bray,G,N,,,,,,
"Baynton, Wharton & Morgan",G,N,,,"Philadelphia, Pennsylvania, America",Philadelphia,Pennsylvania,America
Benjamin Franklin,M,,1706,1790,"Boston, Massachusetts, America",Boston,Massachusetts,America
Benjamin Gale,M,N,1715,1790,"Jamaica, New York, America",Jamaica,New York,America
Benjamin Humphreys,M,N,,,,,,
Benjamin Kent,M,N,1708,1788,"Charlestown, Massachusetts, America",Charlestown,Massachusetts,America
Benjamin Rush,M,N,1746,1813,"Byberry, Pennsylvania, America",Byberry,Pennsylvania,America
Benjamin Waller,M,N,1716,1786,"King William County, Virginia, America",King William County,Virginia,America
Benjamin West,M,N,1738,1820,"Springfield, Pennsylvania, America",Springfield,Pennsylvania,America
Benjamin Wilson,M,N,1721,1788,"Leeds, West Yorkshire, England",Leeds,West Yorkshire,England
Bernard Ogden,M,N,1734,1779,"Sunderland, Tyne and Wear, England",Sunderland,Tyne and Wear,England
Board of Trade,G,N,,,"London, Greater London, England",London,Greater London,England
Browns & Collinson,G,N,,,,Boston,Massachusetts,America
Bucks County Assessors,G,N,,,"Bucks County, Pennsylvania, America",Bucks County,Pennsylvania,America
Cadwalader Evans,M,N,1716,1773,,,,
Cadwallader Colden,M,N,1689,1776,"Enniscorthy, Wexford, Ireland",Enniscorthy,Wexford,Ireland
Caffiéri l'Ainé,M,N,,,"Calais, Pas-de-Calais, France",Calais,Pas-de-Calais,France
Caleb Whitefoord,M,N,1734,1810,"Edinburgh, Scotland",Edinburgh,,Scotland
Capel Hanbury,M,N,1707,1765,,,,
Carlo Giuseppe Campi,M,N,,,"Milan, Italy",Milan,,Italy
Caroline Howe,F,N,1721,1814,,,,
Casper Krible,M,N,1701,1771,,,,
Catharine Ray Greene,F,N,1731,1794,"Block Island, Rhode Island, America",Block Island,Rhode Island,America
Catherine Apsley Bathurst,F,N,1689,1768,England,,,England
Catherine Meed,F,N,,,,,,
Charles Blunt,M,N,1731,1802,,,,
Charles Carroll,M,N,1723,1783,"Annapolis, Maryland, America",Annapolis,Maryland,America
Charles Dilly,M,N,1739,1807,"Southill, Bedfordshire, England",Southill,Bedfordshire,England
Charles Edwards,M,N,,,,,,
Charles Fourdrinier,M,N,,,,,,
Charles Garth,M,N,1734,1784,,,,
Charles-Guillaume-Frédéric Dumas,M,N,1721,1796,"Kloster Heilbronn, Ansbach, Germany",Kloster Heilbronn,Ansbach,Germany
Charles Hargrave,M,N,,,,,,
Charles Jackson,M,N,,,,,,
Charles Lee,M,N,1732,1782,"Chester, Cheshire, England",Chester,Cheshire,England
Charles Moore,M,N,1724,1801,,,,
Charles Morton,M,N,1716,1799,"Westmorland, England",,Westmorland,England
Charles Norris,M,N,1712,1766,"Philadelphia, Pennsylvania, America",Philadelphia,Pennsylvania,America
Charles Pearce,M,N,,,,,,
Charles Somerset Woodham,M,N,,,,,,
Charles Stanhope,M,N,1753,1816,"London, Greater London, England",London,Greater London,England
Charles Thomson,M,N,1729,1824,"Derry, Ireland",,Derry,Ireland
Charles Wilcox,M,N,,,,,,
Charles Willson Peale,M,N,1741,1827,"Queen Anne's County, Maryland, America",Queen Anne's County,Maryland,America
Christopher D'Oyly,M,N,1717,1795,"Banbury, Oxfordshire, England",Banbury,Oxfordshire,England
Colonial Agents,G,N,,,England,,,England
Colonial Proprietors,G,N,,,America,,,America
Committee of America Merchants,G,N,,,America,,,America
Committee of Boston Merchants,G,N,,,"Boston, Massachusetts, America",Boston,Massachusetts,America
Committee of Conference of Congress,G,N,,,America,,,America
Committee of Philadelphia Tradesmen,G,N,,,"Philadelphia, Pennsylvania, America",Philadelphia,Pennsylvania,America
Committee of Secret Correspondence,G,N,,,America,,,America
Committee of the Library Company of Philadelphia,G,N,,,"Philadelphia, Pennsylvania, America",Philadelphia,Pennsylvania,America
Committee of the Managers of the Pennsylvania Hospital,G,N,,,"Philadelphia, Pennsylvania, America",Philadelphia,Pennsylvania,America
Committee of the Managers of the Philadelphia Silk Filature,G,N,,,"Philadelphia, Pennsylvania, America",Philadelphia,Pennsylvania,America
Committee of the Town of Boston,G,N,,,"Boston, Massachusetts, America",Boston,Massachusetts,America
Comte de Lavagne,M,N,,,,,,
Continental Congress,G,N,,,America,,,America
Cornelius Haight,M,N,,,America,,,America
Cumberland County Committee of Correspondence,G,N,,,"Cumberland County, Pennsylvania, America",Cumberland County,Pennsylvania,America
Daniel Burton,M,N,,,,,,
Daniel Ludlow,M,N,1750,1813,"New York, America",,New York,America
Daniel Roberdeau,M,N,1727,1795,"St Kitts, West Indies",St Kitts,,West Indies
Daniel Wister,M,N,1738,1805,,,,
"David Barclay, Jr.",M,N,1729,1809,"London, Greater London, England",London,Greater London,England
David Barclay & Sons,G,N,,,"London, Greater London, England",London,Greater London,England
David Colden,M,N,1733,1784,America,,,America
David Deshler,M,N,,1792,,,,
David Edwards,M,N,,1760,England,,,England
David Finney,M,N,,1806,America,,,America
David Hall,M,N,1714,1772,"Edinburgh, Scotland",Edinburgh,,Scotland
David Hartley,M,N,1731,1813,"Bury St Edmunds, Suffolk, England",Bury St Edmunds,Suffolk,England
David Hume,M,N,1711,1776,"Edinburgh, Scotland",Edinburgh,,Scotland
David McCanaughy,M,N,,,"York, Pennsylvania, America",York,Pennsylvania,America
David Steuart Erskine,M,N,1742,1829,"Edinburgh, Scotland",Edinburgh,,Scotland
David Weatherby,M,N,,,England,,,England
David Williams,M,N,1738,1816,"Eglwysilan, Glamorganshire, Wales",Eglwysilan,Glamorganshire,Wales
Deborah Franklin,F,Y,1704,1774,,,,
Deborah Syddon,F,N,,,,,,
Dennys DeBerdt,M,N,1694,1770,,,,
Deputy Postmasters,G,N,,,America,,,
Directors of the Library Company of Philadelphia,G,N,,,"Philadelphia, Pennsylvania, America",Philadelphia,Pennsylvania,America
Dorothea Blunt,F,N,1733,1809,England,,,England
Ebenezer Hazard,M,N,1744,1817,"Philadelphia, Pennsylvania, America",Philadelphia,Pennsylvania,America
Ebenezer Kinnersley,M,N,1711,1778,"Gloucester, Gloucestershire, England",Gloucester,Gloucestershire,England
Edmé-Louis Daubenton,M,N,1732,1785,France,,,France
Edmund Burke,M,N,1729,1797,"Dublin, Leinster, Ireland",Dublin,Leinster,Ireland
"Edmund Quincy, Jr.",M,N,1726,1782,"Braintree, Massachusetts, America",Braintree,Massachusetts,America
"Edmund Quincy, Sr.",M,N,1703,1788,"Braintree, Massachusetts, America",Braintree,Massachusetts,America
Edward Bancroft,M,N,1744,1821,"Westfield, Massachusetts, America",Westfield,Massachusetts,America
Edward Bridgen,M,N,,1787,,,,
Edward Delaval,M,N,1729,1814,"Newburn, Northumberland, England",Newburn,Northumberland,England
Edward Dilly,M,N,1732,1779,"Southill, Bedfordshire, England",Southill,Bedfordshire,England
Edward Hughes,M,N,1720,1794,"Hertford, Hertfordshire, England",Hertford,Hertfordshire,England
Edward Nairne,M,N,1726,1806,"Sandwich, Kent, England",Sandwich,Kent,England
Edward Penington,M,N,1726,1796,"Bucks County, Pennsylvania, America",Bucks County,Pennsylvania,America
Edward Rowe Mores,M,N,1730,1778,"Tunstall, Kent, England",Tunstall,Kent,England
Edward Shippen,M,N,1703,1781,"Boston, Massachusetts, America",Boston,Massachusetts,America
Edward Tilghman,M,N,1713,1786,America,,,America
Eleanor Morris,F,N,,,,,,
Elias Boudinot,M,N,1740,1821,"Philadelphia, Pennsylvania, America",Philadelphia,Pennsylvania,America
Elizabeth Empson,F,N,,,,,,
Elizabeth Graeme,F,N,1737,1801,"Philadelphia, Pennsylvania, America",Philadelphia,Pennsylvania,America
Elizabeth Henckell,F,N,,1787,England,,,England
Elizabeth Henmarsh,F,N,,,,,,
Elizabeth Hubbart Partridge,F,Y,1728,1814,,,,
Elizabeth Montagu,F,N,1718,1800,"York, Yorkshire, England",York,Yorkshire,England
Elizabeth Shewell West,F,N,1741,1814,"Philadelphia, Pennsylvania, America",Philadelphia,Pennsylvania,America
Elizabeth Wilkes,F,N,,,,,,
Emanuel Mendes da Costa,M,N,1717,1791,"London, Greater London, England",London,Greater London,England
Ephraim Franklin Brown,M,Y,,,,,,
Erasmus Darwin,M,N,1731,1802,"Nottingham, Nottinghamshire, England",Nottingham,Nottinghamshire,England
Eyre Whalley,M,N,1704,1762,"Northamptonshire, England",,Northamptonshire,England
Ezra Stiles,M,N,1727,1795,"North Haven, Connecticut, America",North Haven,Connecticut,America
Ferdinand John Paris,M,N,,1759,"London, Greater London, England",London,Greater London,England
Francis Bernard,M,N,1712,1799,"Brightwell-cum-Sotwell, Berkshire, England",Brightwell-cum-Sotwell,Berkshire,England
Francis Blake,M,N,1708,1780,"Durham, Durham, England",Durham,Durham,England
Francis Dashwood,M,N,1708,1781,"London, Greater London, England",London,Greater London,England
Francis Eyre,M,N,1722,1797,,,,
Francis Hopkinson,M,N,1737,1791,"Philadelphia, Pennsylvania, America",Philadelphia,Pennsylvania,America
Francis Maseres,M,N,1731,1824,"London, Greater London, England",London,Greater London,England
François-Jean de Beauvoir,M,N,1734,1788,"Paris, Île-de-France, France",Paris,Île-de-France,France
François-Pierre de Séqueville,M,N,1725,1793,"Paris, Île-de-France, France",Paris,Île-de-France,France
François Rozier,M,N,1734,1793,"Lyon, Rhône-Alpes, France",Lyon,Rhône-Alpes,France
François Willem de Monchy,M,N,1749,1796,The Netherlands,,,The Netherlands
Franklin Gravoufueas,M,N,,,,,,
Frans van Lelyveld,M,N,,,The Netherlands,,,The Netherlands
Frederick North,M,N,1732,1792,"London, Greater London, England",London,Greater London,England
Frederick Shinkle,M,N,,,,,,
Frederik Borchard Lodewijk van Westerholt,M,N,1726,1775,The Netherlands,,,The Netherlands
Freeholders and Inhabitants of the Province of Pennsylvania,G,N,,,"Pennsylvania, America",,Pennsylvania,America
Freemen of Pennsylvania,G,N,,,"Pennsylvania, America",,Pennsylvania,America
Gabriel Antonio de Bourbon,M,N,1752,1788,"Naples, Italy",Naples,,Italy
George Aufrere,M,N,1715,1801,"London, Greater London, England",London,Greater London,England
George Baker,M,N,1722,1809,"Modbury, Devon, England",Modbury,Devon,England
George Bryan,M,N,1731,1791,"Dublin, Leinster, Ireland",Dublin,Leinster,Ireland
George Colebrooke,M,N,1729,1809,"Chilham, Kent, England",Chilham,Kent,England
George Croghan,M,N,,1782,"Dublin, Leinster, Ireland",Dublin,Leinster,Ireland
George Grenville,M,N,1712,1770,"Wotton, Buckinghamshire, England",Wotton,Buckinghamshire,England
George Maddison,M,N,1747,1783,"Allensford, Durham, England",Allensford,Durham,England
George Mercer,M,N,1733,1784,"Virginia, America",,Virginia,America
George Morgan,M,N,1743,1810,"Philadelphia, Pennsylvania, America",Philadelphia,Pennsylvania,America
George Parker,M,N,1679,1764,"London, Greater London, England",London,Greater London,England
George Price,M,N,,,,,,
George Read,M,N,1733,1798,"North East, Cecil County, Maryland, America","North East, Cecil County",Maryland,America
George Ross,M,N,1730,1779,"New Castle, Delaware, America",New Castle,Delaware,America
George Taylor,M,N,1716,1781,Ireland,,,Ireland
George Walker,M,N,,,,,,
George Washington,M,N,1732,1799,"Westmoreland County, Virginia, America",Westmoreland County,Virginia,America
George Whatley,M,N,1709,1791,,,,
George Whitefield,M,N,1714,1770,"Gloucester, Gloucestershire, England",Gloucester,Gloucestershire,England
George Wythe,M,N,1726,1806,"Elizabeth City County, Virginia, America",Elizabeth City County,Virginia,America
Georgia Assembly,G,N,,,"Georgia, America",,Georgia,America
Georgia Assembly Committee of Correspondence,G,N,,,"Georgia, America",,Georgia,America
Georgia Commons House Committee of Correspondence,G,N,,,"Georgia, America",,Georgia,America
Georgiana Shipley Hare-Naylor,F,N,1755,1806,England,,,England
Giambatista Beccaria,M,N,1716,1781,"Mondovi, Italy",Mondovi,,Italy
Giambattista Toderini,M,N,1728,1799,"Venice, Italy",Venice,,Italy
Giovanni Baptista Carburi,M,N,,1801,"Cephalonia, Greece",Cephalonia,,Greece
"Goldney, Smith and Co.",G,N,,,,,,
Gottfried Achenwall,M,N,,,,,,
Gowin Knight,M,N,1713,1772,"Corringham, Essex, England",Corringham,Essex,England
Grace Williams,F,Y,1718,1790,America,,,America
Granville Sharp,M,N,1735,1813,"Durham, Durham, England",Durham,Durham,England
Grey Cooper,M,N,1726,1801,"Newcastle upon Tyne, Tyne and Wear, England",Newcastle upon Tyne,Tyne and Wear,England
Grey Elliott,M,N,,1787,,,,
Griffith Jones,M,N,1722,1786,"London, Greater London, England",London,Greater London,England
Gunning Bedford,M,N,1719,1802,America,,,America
Gurdon Saltonstall,M,N,1708,1785,"Connecticut, America",,Connecticut,America
Guy Claude,M,N,1718,1789,France,,,France
Hallett Hazard & Blackwell,G,N,,,,,,
Hannah Parker,F,N,,,,,,
Hannah Smith,F,N,1720,1761,"Philadelphia, Pennsylvania, America",Philadelphia,Pennsylvania,America
Hannah Walker,F,Y,1724,,,,,
Harvard College,G,N,,,"Cambridge, Massachusetts, America",Cambridge,Massachusetts,America
Heinrich Ehrenfried Luther,M,N,,,Germany,,,Germany
Henry Bathurst,M,N,1714,1794,England,,,England
Henry Bouquet,M,N,1719,1765,"Rolle, Pays de Vaud, Switzerland",Rolle,Pays de Vaud,Switzerland
Henry Cavendish,M,N,1731,1810,"Nice, Provence-Alpes-Côte d'Azur, France",Nice,Provence-Alpes-Côte d'Azur,France
Henry Dagge,M,N,,1795,,,,
Henry Elwes,M,N,,,,,,
Henry Home,M,N,1696,1782,"Kames, Berwickshire, Scotland",Kames,Berwickshire,Scotland
Henry Hope,M,N,1740,,"Boston, Massachusetts, America",Boston,Massachusetts,America
Henry Jackson,M,N,1721,1801,England,,,England
Henry Keppele,M,N,,,,,,
Henry Marchant,M,N,1741,1796,America,,,America
Henry Potts,M,N,,1768,,,,
Henry Sampson Woodfall,M,N,1739,1805,"London, Greater London, England",London,Greater London,England
Henry Tucker,M,N,1713,1787,Bermuda,,,Bermuda
Henry Walker,M,Y,1756,,"Westbury, Northamptonshire, England",Westbury,Northamptonshire,England
Henry Wilmot,M,N,1709,1794,England,,,England
Henton Brown,M,N,1698,1775,"London, Greater London, England",London,Greater London,England
Hillary and Scot,G,N,,,,,,
Horace-Bénédict de Saussure,M,N,1740,1799,"Conches, Switzerland",Conches,,Switzerland
Horatio Gates,M,N,1728,1806,"Maldon, Essex, England",Maldon,Essex,England
House of Commons,G,N,,,"London, Greater London, England",London,Greater London,England
House of Lords,G,N,,,"London, Greater London, England",London,Greater London,England
House of Representatives of the Province of Pennsylvania,G,N,,,"Philadelphia, Pennsylvania, America",Philadelphia,Pennsylvania,America
Hughes and Co.,G,N,,,,,,
Hugh Finlay,M,N,1730,1801,Scotland,,,Scotland
Hugh Roberts,M,N,1706,1786,,,,
Humphrey Senhouse,M,N,1731,1814,"Netherall, Cumberland, England",Netherall,Cumberland,England
Humphry Marshall,M,N,1722,1801,"Chester County, Pennsylvania, America",Chester County,Pennsylvania,America
I.M. Luther,M,N,,,"Frankfurt, Hesse, Germany",Frankfurt,Hesse,Germany
Inhabitants of Philadelphia,G,N,,,"Philadelphia, Pennsylvania, America",Philadelphia,Pennsylvania,America
Isaac All,M,Y,,1789,"Newport, Rhode Island, America",Newport,Rhode Island,America
Isaac Garrigues,M,N,1741,,"Philadelphia, Pennsylvania, America",Philadelphia,Pennsylvania,America
Isaac Hunt,M,N,1742,1809,"Bridgetown, Barbados",Bridgetown,,Barbados
Isaac Norris,M,N,1701,1766,"Philadelphia, Pennsylvania, America",Philadelphia,Pennsylvania,America
Isaac Sanders,M,N,,,,,,
"Isaac Smith, Jr.",M,N,1749,1829,"Boston, Massachusetts, America",Boston,Massachusetts,America
Isaac Winn,M,N,,,,,,
Israel Gilpin,M,N,1740,1834,"Pennsylvania, America",,Pennsylvania,America
Israel Pemberton,M,N,1715,1779,"Philadelphia, Pennsylvania, America",Philadelphia,Pennsylvania,America
Israel Wilkes,M,N,,1805,"London, Greater London, England",London,Greater London,England
J. Cook and Co.,G,N,,,,,,
J. Warner Phipps,M,N,,,"London, Greater London, England",London,Greater London,England
"Jacob Duché, Jr.",M,N,1737,1798,"Philadelphia, Pennsylvania, America",Philadelphia,Pennsylvania,America
Jacob Franks,M,N,1747,1814,"Philadelphia, Pennsylvania, America",Philadelphia,Pennsylvania,America
Jacobus Van Zandt,M,N,,,,,,
Jacques Barbeu-Dubourg,M,N,1709,1779,"Mayenne, Pays de la Loire, France",Mayenne,Pays de la Loire,France
James Balfour,M,N,,,,,,
James Boswell,M,N,1740,1795,"Edinburgh, Scotland",Edinburgh,,Scotland
James Bowdoin,M,N,1726,1790,"Boston, Massachusetts, America",Boston,Massachusetts,America
James Brown,M,N,1721,1780,"London, Greater London, England",London,Greater London,England
James Burrow,M,N,1701,1782,England,,,England
James Buttall,M,N,,,England,,,England
James Dagge,M,N,,,,,,
James Des Cotes & Company,G,N,,,,,,
James Douglas,M,N,1702,1768,"Edinburgh, Scotland",Edinburgh,,Scotland
James Elphinston,M,N,1721,1809,"Edinburgh, Scotland",Edinburgh,,Scotland
James Ferguson,M,N,1710,1776,"Banffshire, Scotland",,Banffshire,Scotland
James Gambier,M,N,1723,1789,England,,,England
James Habersham,M,N,1712,1775,"Beverly, Yorkshire, England",Beverly,Yorkshire,England
James Hamilton,M,N,1710,1783,"Accomac, Virginia, America",Accomac,Virginia,America
James Hunter,M,N,,,,,,
James Hutton,M,N,1715,1795,,,,
James Jay,M,N,1732,1815,"New York City, New York, America",New York City,New York,America
James Johnson,M,N,1705,1774,"Medford, Suffolk, England",Medford,Suffolk,England
James Kinsey,M,N,1731,1803,,,,
James Lind,M,N,1716,1794,"Edinburgh, Scotland",Edinburgh,,Scotland
"James Logan, Jr.",M,N,1728,1803,,,,
James Lyon,M,N,1735,1794,"New Jersey, America",,New Jersey,America
James Overall,M,N,,,England,,,England
James Parker (1714-1770),M,N,1714,1770,"Woodbridge, New Jersey, America",Woodbridge,New Jersey,America
James Parker (1725-1797),M,N,1725,1797,"Perth Amboy, New Jersey, America",Perth Amboy,New Jersey,America
James Payne,M,N,,,,,,
James Pearson,M,N,1735,1813,,,,
James Pemberton,M,N,1723,1809,"Philadelphia, Pennsylvania, America",Philadelphia,Pennsylvania,America
James Read,M,N,1718,1793,,,,
James Short,M,N,1710,1768,"Edinburgh, Scotland",Edinburgh,,Scotland
James West,M,N,1703,1772,"London, Greater London, England",London,Greater London,England
James Wilson,M,N,1742,1798,"Carskerdo, Scotland",Carskerdo,,Scotland
James Wright,M,N,,,,,,
Jane Hogarth,F,N,1709,1789,,,,
Jane Mecom,F,Y,1712,1794,"Boston, Massachusetts, America",Boston,Massachusetts,America
"Jane Mecom, Jr.",F,Y,,,"Boston, Massachusetts, America",Boston,Massachusetts,America
Jane Parker Bedford,F,N,,1831,,,,
Janet Dick,F,N,,1760,"Edinburgh, Scotland",Edinburgh,,Scotland
Jan Ingenhousz,M,N,1730,1799,"Breda, North Brabant, The Netherlands",Breda,North Brabant,The Netherlands
Jared Ingersoll,M,N,1722,1781,"Milford, Connecticut, America",Milford,Connecticut,America
Jean-Baptiste LeRoy,M,N,1720,1800,"Paris, Île-de-France, France",Paris,Île-de-France,France
Jean Chappe d'Auteroche,M,N,1728,1769,"Mauriac, Auvergne, France",Mauriac,Auvergne,France
Jean-Hyacinthe de Magellan,M,N,1723,1790,"Lisbon, Portugal",Lisbon,,Portugal
Jean Nicholas Sébastian Allamand,M,N,1713,1787,,,,
Jeremiah Meyer,M,N,1735,1789,"Tübingen, Baden-Württemberg, Germany",Tübingen,Baden-Württemberg,Germany
Jeremiah Miller,M,N,1719,1797,America,,,America
Johann David Hahn,M,N,1729,1784,"Heidelberg, Baden-Württemberg, Germany",Heidelberg,Baden-Württemberg,Germany
Johann David Michaelis,M,N,1717,1791,Germany,,,Germany
Johann Friedrich Hartmann,M,N,,1800,Germany,,,Germany
Johann Reinhold Forster,M,N,1729,1798,Germany,,,Germany
Johan Rodolphe Valltravers,M,N,1723,1814,"Berne, Switzerland",Berne,,Switzerland
John Alleyne,M,N,,1777,England,,,England
John Almon,M,N,1737,1805,"Liverpool, Merseyside, England",Liverpool,Merseyside,England
John Antill,M,N,1745,1813,"Perth Amboy, New Jersey, America",Perth Amboy,New Jersey,America
John Apthorp,M,N,,1772,England,,,England
John Balfour,M,N,1715,1795,"Edinburgh, Scotland",Edinburgh,,Scotland
John Balfour and Company,M,N,,,,,,
John Bard,M,N,1716,1799,"Burlington, New Jersey, America",Burlington,New Jersey,America
John Bartram,M,N,1699,1777,"Marple, Pennsylvania, America",Marple,Pennsylvania,America
John Baskerville,M,N,1706,1775,"Wolverley, Worcestershire, England",Wolverley,Worcestershire,England
John Beveridge,M,N,1703,1767,,,,
John Blair,M,N,,1782,"Edinburgh, Scotland",Edinburgh,,Scotland
John Borthwick,M,N,,,,,,
John Campbell Loudoun,M,N,1705,1782,"Galston, Ayrshire, England",Galston,Ayrshire,England
John Canton,M,N,1718,1772,Stroud England,Stroud,,England
John Chalmers,M,N,,1800,"Marnoch, Aberdeenshire, Scotland",Marnoch,Aberdeenshire,Scotland
John Cust,M,N,1718,1770,"London, Greater London, England",London,Greater London,England
John Cuthbert,M,N,,1782,"Witton Castle, Durham, England",Witton Castle,Durham,England
John Dagge,M,N,,1786,,,,
John Dickinson,M,N,1732,1808,"Talbot County, Maryland, America",Talbot County,Maryland,America
John Dixon,M,N,,1791,,,,
John Ellicott,M,N,1702,1772,"London, Greater London, England",London,Greater London,England
John Ellis,M,N,1710,1776,Ireland,,,Ireland
John Ewing,M,N,1732,1802,"East Nottingham Cecil County, Maryland, America",East Nottingham Cecil County,Maryland,America
John Fothergill,M,N,1712,1780,"Wensleydale, Yorkshire, England",Wensleydale,Yorkshire,England
John Foxcroft,M,N,,1790,,,,
John Free,M,N,1711,1791,England,,,England
John Fry and Co.,M,N,,,,,,
John Greenwood,M,N,1727,1792,"Boston, Massachusetts, America",Boston,Massachusetts,America
John Hammond,M,N,1734,,"Severnhead, Maryland, America",Severnhead,Maryland,America
John Hawkesworth,M,N,1715,1773,"London, Greater London, England",London,Greater London,England
John Hobart,M,N,1723,1793,,,,
John Holt,M,N,1721,1784,"Williamsburg, Virginia, America",Williamsburg,Virginia,America
John Hope,M,N,1725,1786,"Edinburgh, Scotland",Edinburgh,,Scotland
John Hughes,M,N,1712,1772,,,,
"John Hughes, Jr.",M,N,,1773,,,,
John Hunter,M,N,,,America,,,America
John Huske,M,N,1724,1773,"Portsmouth, New Hampshire, America",Portsmouth,New Hampshire,America
John Jacob Friis,M,N,1708,1793,"Odense, Denmark",Odense,,Denmark
John Kelly,M,N,1726,1772,England,,,England
John Kent,M,N,,,,,,
John Kirke,M,N,,,,,,
John Lining,M,N,1708,1760,"Lanarkshire, Scotland",,Lanarkshire,Scotland
John Madocks,M,N,1723,1794,England,,,England
John Mervin Nooth,M,N,1737,1828,England,,,England
John Michell,M,N,1724,1793,England,,,England
John Mills,M,N,,1784,England,,,England
John Montgomery,M,N,1722,1808,Ireland,,,Ireland
John Morgan,M,N,1735,1789,"Philadelphia, Pennsylvania, America",Philadelphia,Pennsylvania,America
John Morton,M,N,1724,1777,"Ridley Township, Chester County, Pennsylvania, America","Ridley Township, Chester County",Pennsylvania,America
John Nourse,M,N,,1780,,,,
John Penn,M,N,1700,1746,"Philadelphia, Pennsylvania, America",Philadelphia,Pennsylvania,America
John Perkins,M,N,1698,1781,"Lynn, Massachusetts, America",Lynn,Massachusetts,America
John Peter Miller,M,N,1709,1796,"Zweikirchen, Lower Bavaria, Germany",Zweikirchen,Lower Bavaria,Germany
John Pitt,M,N,,,,,,
John Pownall,M,N,1720,1795,,,,
John Pringle,M,N,1707,1772,"Roxburgh, Scotland",,Roxburgh,Scotland
John Read,M,Y,,,,,,
John Rice,M,N,,1763,"London, Greater London, England",London,Greater London,England
John Robertson,M,N,1712,1776,,,,
John Ross,M,N,1714,1776,"Philadelphia, Pennsylvania, America",Philadelphia,Pennsylvania,America
John Sargent,M,N,1714,,"London, Greater London, England",London,Greater London,England
John Shippen,M,N,1741,1770,,,,
John Smith,M,N,1722,1771,"Burlington, New Jersey, America",Burlington,New Jersey,America
"John Swinton, Jr.",M,N,,1799,"Swinton, Berwickshire, Scotland",Swinton,Berwickshire,Scotland
John Temple,M,N,1732,1798,"Boston, Massachusetts, America",Boston,Massachusetts,America
John Trusler,M,N,1735,1820,"London, Greater London, England",London,Greater London,England
John Tunnicliff,M,N,,,England,,,England
John Tyler,M,Y,,,"Birmingham, West Midlands, England",Birmingham,West Midlands,England
John Walsh,M,N,,,,,,
John Walter,M,N,1739,1812,"London, Greater London, England",London,Greater London,England
John Waring,M,N,1716,1794,England,,,England
John Whitehurst,M,N,1713,1788,"Cheshire, England",,Cheshire,England
John Williams,M,N,,,,,,
John Williamson,M,N,,,Scotland,,,Scotland
John Winthrop,M,N,1714,1779,"Boston, Massachusetts, America",Boston,Massachusetts,America
John Wister,M,N,1708,1789,"Wald-Hilsbach, Baden, Germany","Wald-Hilsbach, Baden",,Germany
John Wright,M,N,,,,,,
John Zubly,M,N,1724,1781,,,,
Jonathan Folger,M,Y,1727,1812,,,,
Jonathan Potts,M,N,1745,1781,"Colebrookdale, Berks County, Pennsylvania, America","Colebrookdale, Berks County",Pennsylvania,America
Jonathan Shipley,M,N,1714,1788,"London, Greater London, England",London,Greater London,England
"Jonathan Williams, Jr.",M,N,1750,1815,"Boston, Massachusetts, America",Boston,Massachusetts,America
"Jonathan Williams, Sr.",M,N,1719,1796,"Boston, Massachusetts, America",Boston,Massachusetts,America
Joseph Browne,M,N,1700,1767,England,,,England
Joseph Chew,M,N,1720,1799,"Spotsylvania County, Virginia, America",Spotsylvania County,Virginia,America
Joseph England,M,N,,,,,,
Joseph-Étienne Bertier,M,N,1702,1783,"Aix-en-Provence, Provence-Alpes-Côte d'Azur, France",Aix-en-Provence,Provence-Alpes-Côte d'Azur,France
Joseph Fox,M,N,1709,1779,"Philadelphia, Pennsylvania, America",Philadelphia,Pennsylvania,America
Joseph Galloway,M,N,1731,1803,"West River, Maryland, America",West River,Maryland,America
Joseph Greenleaf,M,N,1720,1809,,,,
Joseph Greenwood,M,N,,,,,,
Joseph Hawley,M,N,1723,1788,"Northampton, Massachusetts, America",Northampton,Massachusetts,America
Joseph Johnson,M,N,1738,1809,"Everton, Merseyside, England",Everton,Merseyside,England
Joseph Leacock,M,Y,1735,1804,,,,
Joseph Massie,M,N,,1784,,,,
Joseph Morris,M,N,1715,1785,"Philadelphia, Pennsylvania, America",Philadelphia,Pennsylvania,America
Joseph Priestley,M,N,1733,1804,"Birstall, Yorkshire, England",Birstall,Yorkshire,England
Joseph Reed,M,N,1741,1785,"Trenton, New Jersey, America",Trenton,New Jersey,America
Joseph Sherwood,M,N,1708,1773,,,,
Joseph Smith,M,N,1742,1822,America,,,America
Joseph Warren,M,N,1741,1775,"Roxbury, Massachusetts, America",Roxbury,Massachusetts,America
Joshua Babcock,M,N,1707,1783,"Westerly, Rhode Island, America",Westerly,Rhode Island,America
Joshua Sharpe,M,N,1716,1786,"Yorkshire, England",,Yorkshire,England
Josiah Franklin Davenport,M,Y,1727,,,,,
"Josiah Quincy, Sr.",M,N,1710,1784,"Braintree, Massachusetts, America",Braintree,Massachusetts,America
Josiah Tucker,M,N,1712,1799,"Laugharne, Carmarthenshire, Wales",Laugharne,Carmarthenshire,Wales
Julien-Alexandre Achard de Bonvouloir et Loyauté,M,N,1749,1783,"Passais-la-Conception, Basse-Normandie, France",Passais-la-Conception,Basse-Normandie,France
Katherine French,M,N,,,,,,
Keane Fitzgerald,F,N,,,,,,
Keziah Folger Coffin,F,Y,1723,1798,"Nantucket, Massachusetts, America",Nantucket,Massachusetts,America
King George II,M,N,1683,1760,"Herrenhausen, Hanover, Germany",Herrenhausen,Hanover,Germany
King George III,M,N,1738,1820,"London, Greater London, England",London,Greater London,England
Lachlin MacLeane,M,N,1727,1778,,,,
Lambertus Bicker,M,N,1732,1801,The Netherlands,,,The Netherlands
Lancaster County Committee,G,N,,,America,,,America
Lancelot Cowper,M,N,,,England,,,England
Lawrence Holden,M,N,1710,1778,"Bolton, Lancashire, England",Bolton,Lancashire,England
Le Prince Comte Régnant de Limbourg-Styrum-Holstein,M,N,,,France,,,France
Levi Andrew Levy,M,N,,1790,,,,
Lewis Fevre,M,N,1741,1796,,,,
Lewis Jones,M,N,1748,,"London, Greater London, England",London,Greater London,England
Library Company of Philadelphia,G,N,,,"Philadelphia, Pennsylvania, America",Philadelphia,Pennsylvania,America
Lords Commissioners of the Treasury,G,N,,,England,,,England
Lords of the Treasury,G,N,,,England,,,England
Louis-Joseph Plumard de Dangeul,M,N,,,"Le Mans, Pays de la Loire, France",Le Mans,Pays de la Loire,France
Louis-Phélypeaux,M,N,1705,1777,France,,,France
Lucrezia Agujari,F,N,1743,1783,"Parma, Emilia-Romagna, Italy",Parma,Emilia-Romagna,Italy
Ludovico Barbiano,M,N,1728,1803,,,,
Luke Morris,M,N,1707,1793,"Philadelphia, Pennsylvania, America",Philadelphia,Pennsylvania,America
Mahlon Kirkbride,M,N,,,,,,
Managers of the Pennsylvania Hospital,G,N,,,"Pennsylvania, America",,Pennsylvania,America
Managers of the Philadelphia Silk Filature,G,N,,,"Philadelphia, Pennsylvania, America",Philadelphia,Pennsylvania,America
Margaret Stevenson,F,N,1706,1783,"London, Greater London, England",London,Greater London,England
Margaret Strahan,F,N,,,Scotland,,,Scotland
Marie Catherine Biheron,F,N,1719,1786,France,,,France
Marie-Jean-Antoine-Nicholas Caritat,M,N,1743,1794,"Ribemont, Aisne, France",Ribemont,Aisne,France
Martha Johnson,F,Y,,,,,,
"Martin Howard, Jr.",M,N,,1781,,,,
Mary Bache,F,Y,,,,,,
Mary Fisher,F,Y,1673,1758,"Ecton, Northamptonshire, England",Ecton,Northamptonshire,England
Mary Franklin,F,Y,1696,1766,,,,
Mary Goddard,F,N,1738,1816,America,,,America
Mary Hopkinson,F,N,1718,,"Philadelphia, Pennsylvania, America",Philadelphia,Pennsylvania,America
Mary Mercer,F,N,,,,,,
Mary Owen,F,N,,,,,,
Mary Parker,F,N,,,England,,,England
Mary Pemberton,F,N,1704,1778,America,,,America
Mary Rich,F,N,,1769,,,,
Mary Stevenson Hewson,F,N,1734,1795,"London, Greater London, England",London,Greater London,England
Massachusetts House of Representatives,G,N,,,"Boston, Massachusetts, America",Boston,Massachusetts,America
Massachusetts House of Representatives Committee,G,N,,,"Boston, Massachusetts, America",Boston,Massachusetts,America
Massachusetts House of Representatives Committee of Correspondence,G,N,,,"Boston, Massachusetts, America",Boston,Massachusetts,America
Massachusetts Provincial Congress,G,N,,,"Boston, Massachusetts, America",Boston,Massachusetts,America
Mather Byles,M,N,1707,1788,"Boston, Massachusetts, America",Boston,Massachusetts,America
Matthew Boulton,M,N,1728,1809,"Birmingham, West Midlands, England",Birmingham,,England
Matthew Darly,M,N,,,,,,
Matthew Maty,M,N,1718,1776,"Monfort, The Netherlands",Monfort,,The Netherlands
Matthew Tilghman,M,N,1718,1790,America,,,America
Michael Collinson,M,N,1727,1795,England,,,England
Michael Francklin,M,N,1733,1782,"Poole, Dorset, England",Poole,Dorset,England
Michael Hillegas,M,N,1728,1804,"Philadelphia, Pennsylvania, America",Philadelphia,Pennsylvania,America
Montagu Wilmot,M,N,,1766,,,,
Moses Franks,M,N,1719,1789,"New York, America",,New York,America
Mrs. William Deane,F,N,,,,,,
Naphtali Franks,M,N,1715,1796,"New York, America",,New York,America
Nathaniel Evans,M,N,1742,1767,"Philadelphia, Pennsylvania, America",Philadelphia,Pennsylvania,America
Nathaniel Falconer,M,N,,,,,,
Nathaniel Seidel,M,N,1718,1782,"Lauban, Silesia, Poland",Lauban,Silesia,Poland
Nevil Maskelyne,M,N,1732,1811,"London, Greater London, England",London,Greater London,England
New Jersey Assembly Committee of Correspondence,G,N,,,"New Jersey, America",,New Jersey,America
New Jersey Assembly Standing Committee of Correspondence and Inquiry,G,N,,,"New Jersey, America",,New Jersey,America
"New Jersey House, Council, and Governor",G,N,,,"New Jersey, America",,New Jersey,America
New York Committee of Safety,G,N,,,"New York, America",,New York,America
New York Provincial Congress,G,N,,,"New York, America",,New York,America
Nicholas Cooke,M,N,,1782,,,,
Nicholas Waln,M,N,1742,1813,"Fair Hill, Pennsylvania, America",Fair Hill,Pennsylvania,America
Noble Wimberly Jones,M,N,1723,1805,"Lambeth, Surrey, England",Lambeth,Surrey,England
Officers of Minutemen in York County,G,N,,,"York, Pennsylvania, America",York,Pennsylvania,America
Oliver Neave,M,N,,,,,,
Osgood Hanbury & Company,G,N,,,,,,
Oxford University,G,N,,,"Oxford, Oxfordshire, England",Oxford,Oxfordshire,England
Patrick Wilson (?-?),M,N,,,Scotland,,,Scotland
Patrick Wilson (1743-1811),M,N,1743,1811,Scotland,,,Scotland
Paul-Pierre le Mercier de la Rivière,M,N,1720,1793,France,,,France
Paul Wentworth,M,N,,1793,,,,
Pennsylvania Assembly,G,N,,,"Philadelphia, Pennsylvania, America",Philadelphia,Pennsylvania,America
Pennsylvania Assembly Committee,G,N,,,"Philadelphia, Pennsylvania, America",Philadelphia,Pennsylvania,America
Pennsylvania Assembly Committee of Accounts,G,N,,,"Philadelphia, Pennsylvania, America",Philadelphia,Pennsylvania,America
Pennsylvania Assembly Committee of Correspondence,G,N,,,"Philadelphia, Pennsylvania, America",Philadelphia,Pennsylvania,America
Pennsylvania Committee of Safety,G,N,,,"Philadelphia, Pennsylvania, America",Philadelphia,Pennsylvania,America
Pennsylvania Delegates in Congress,G,N,,,"Philadelphia, Pennsylvania, America",Philadelphia,Pennsylvania,America
Penuel Bowen,M,N,,,"Woodstock, Connecticut, America",Woodstock,Connecticut,America
Peter Burdett,M,N,,1793,"Derby, Derbyshire, England",Derby,Derbyshire,England
Peter Collinson,M,N,1694,1768,"London, Greater London, England",London,Greater London,England
Peter Franklin,M,Y,1692,1766,"Boston, Massachusetts, America",Boston,Massachusetts,America
Peter Hasenclever,M,N,1716,1793,"Remscheid, Germany",Remscheid,,Germany
Peter Hinrich Tesdorpf,M,N,1712,1778,Germany,,,Germany
Peter Schuyler,M,N,1710,1762,America,,,America
Peter Templeman,M,N,1711,1769,"Dorchester, Dorset, England",Dorchester,Dorset,England
Peter Timothy,M,N,1720,1781,"South Carolina, America",,South Carolina,America
Peter Van Brugh Livingston,M,N,1710,1792,"Albany, New York, America",Albany,New York,America
Petitioners to the House of Lords Against the Boston Port Bill,G,N,,,America,,,America
Petitioners to the House of Lords against the Massachusetts Government and Administration of Justice Bills,G,N,,,America,,,America
Philadelphia Committee of Inspection and Observation,G,N,,,"Philadelphia, Pennsylvania, America",Philadelphia,Pennsylvania,America
Philadelphia Linen Manufactory,G,N,,,"Philadelphia, Pennsylvania, America",Philadelphia,Pennsylvania,America
Philadelphia Merchants,G,N,,,"Philadelphia, Pennsylvania, America",Philadelphia,Pennsylvania,America
Philip Ludwell,M,N,1716,1767,"Green Spring, Virginia, America",Green Spring,Virginia,America
Philip Mazzei,M,N,1730,1816,"Poggio-a-Caino, Tuscany, Italy",Poggio-a-Caino,Tuscany,Italy
Philip Schuyler,M,N,1733,1805,"Albany, New York, America",Albany,New York,America
Philip Syng,M,N,1703,1789,"Cork, Munster, Ireland",Cork,Munster,Ireland
Pierre Samuel du Pont de Nemours,M,N,1739,1817,"Paris, Île-de-France, France",Paris,Île-de-France,France
Pieter van Musschenbroek,M,N,1692,1761,"Leyden, The Netherlands",Leyden,,The Netherlands
Pomeroys & Hodgkin,G,N,,,"London, Greater London, England",London,Greater London,England
Postmasters General,G,N,,,America,,,America
Printer of the Citizen,G,N,,,"London, Greater London, England",London,Greater London,England
Printer of the Gazetteer,G,N,,,"London, Greater London, England",London,Greater London,England
Printer of the London Chronicle,G,N,,,"London, Greater London, England",London,Greater London,England
Printer of the Public Advertiser,G,N,,,"London, Greater London, England",London,Greater London,England
Printer of the Public Ledger,G,N,,,"London, Greater London, England",London,Greater London,England
Privy Council,G,N,,,"London, Greater London, England",London,Greater London,England
Privy Council Committee,G,N,,,"London, Greater London, England",London,Greater London,England
Provincial Commissioners,G,N,,,"Philadelphia, Pennsylvania, America",Philadelphia,Pennsylvania,America
Purfleet Committee,G,N,,,"London, Greater London, England",London,Greater London,England
R. Hippisley,M,N,,,"Somerset, England",,Somerset,England
Rebecca Haydock Garrigues,F,N,,,"Philadelphia, Pennsylvania, America",Philadelphia,Pennsylvania,America
Rhode Island Assembly Committee,G,N,,,"Rhode Island, America",,Rhode Island,America
Richard Bache,M,Y,1737,1811,"Settle, Yorkshire, England",Settle,Yorkshire,England
Richard Dawson,M,N,,,,,,
Richard Henry Alexander Bennet,M,N,1742,1814,"Essex, England",Essex,,England
Richard Howe,M,N,1726,1799,"London, Greater London, England",London,Greater London,England
Richard Huck,M,N,1720,1785,"Westmorland, England",,Westmorland,England
Richard Jackson,M,N,1721,1787,"London, Greater London, England",London,Greater London,England
Richard Neave,M,N,,,,,,
Richard Nicholls Colden,M,N,,,,,,
Richard Oliver,M,N,1735,1784,"Antigua, West Indies",,Antiguia,West Indies
Richard Partridge,M,N,1681,1759,"Portsmouth, New Hampshire, America",Portsmouth,New Hampshire,America
Richard Penn,M,N,1706,1771,"Bristol, Bristol, England",Bristol,Bristol,England
Richard Peters,M,N,1704,1776,"Liverpool, Merseyside, England",Liverpool,Merseyside,England
Richard Price,M,N,1723,1791,"Llangeinor, Wales, England",Llangeinor,Wales,England
Richard Quinton,M,N,,,"Wellingborough, Northamptonshire, England",Wellingborough,Northamptonshire,England
Richard Stockton,M,N,1730,1781,"Princeton, New Jersey, America",Princeton,New Jersey,America
Richard Walpole,M,N,1728,1798,England,,,England
Richard Wheeler,M,N,,,,,,
Richard Wister,M,N,1727,1784,"New Jersey, America",,New Jersey,America
Richard Woodward,M,N,1726,1794,"Grimsbury, Gloucestershire, England",Grimsbury,Gloucestershire,England
Robert Alexander,M,N,,1774,"Edinburgh, Scotland",Edinburgh,,Scotland
Robert Charles,M,N,,,England,,,England
Robert Crafton,M,N,,,,,,
Robert Hare,M,N,1752,1812,"Philadelphia, Pennsylvania, America",Philadelphia,Pennsylvania,America
Robert Molleson,M,N,,,,,,
Robert Morris,M,N,1734,1806,"Liverpool, Merseyside, England",Liverpool,Merseyside,England
Robert Rogers,M,N,1731,1795,"Methuen, Massachusetts, America",Methuen,Massachusetts,America
Robert Strettell Jones,M,N,1745,1792,,,,
Robert Towers,M,N,,1779,England,,,England
Robert Trevor,M,N,,1785,,,,
Robert Willock,M,N,,,"London, Greater London, England",London,Greater London,England
Rosamund Sargent,F,N,1722,1792,,,,
Royal Society,G,N,,,"London, Greater London, England",London,Greater London,England
Rudolph Erich Raspe,M,N,1737,1794,"Hanover, Germany",Hanover,,Germany
Samuel Adams,M,N,1722,1803,"Boston, Massachusetts, America",Boston,Massachusetts,America
Samuel Chase,M,N,1741,1811,"Somerset County, Maryland, America",Somerset County,Maryland,America
Samuel Cooper,M,N,1725,1783,"Boston, Massachusetts, America",Boston,Massachusetts,America
Samuel Danforth,M,N,1696,1777,"Dorchester, Massachusetts, America",Dorchester,Massachusetts,America
Samuel Eckerling,M,N,,1781,"Strasburg, Germany",Strasburg,,Germany
Samuel Engs,M,N,,,,,,
Samuel F. Parker,M,N,1745,1779,"Philadelphia, Pennsylvania, America",Philadelphia,Pennsylvania,America
Samuel Fayerweather,M,N,1725,1781,"Boston, Massachusetts, America",Boston,Massachusetts,America
Samuel Finley,M,N,1715,1766,"Armagh, Ireland",,Armagh,Ireland
Samuel Franklin,M,Y,1721,1775,,,,
Samuel Hazard,M,N,1714,1758,,,,
Samuel Johnson,M,N,1696,1772,"Guilford, Connecticut, America",Guilford,Connecticut,America
Samuel Leeds,M,N,,1773,,,,
Samuel Mather,M,N,1706,1785,"Boston, Massachusetts, America",Boston,Massachusetts,America
Samuel Mead,M,N,,1776,England,,,England
Samuel Noble,M,N,,,"Burlington, New Jersey, America",Burlington,New Jersey,America
Samuel Parker,M,N,,,"Philadelphia, Pennsylvania, America",Philadelphia,Pennsylvania,America
Samuel Potts,M,N,,,,,,
Samuel Preston Moore,M,N,1710,1785,,,,
"Samuel Rhoads, Jr.",M,N,1740,1784,"Philadelphia, Pennsylvania, America",Philadelphia,Pennsylvania,America
"Samuel Rhoads, Sr.",M,N,1711,1784,"Philadelphia, Pennsylvania, America",Philadelphia,Pennsylvania,America
Samuel Salt,M,N,,,England,,,England
Samuel Smith,M,N,,,,,,
Samuel Soumain,M,N,1718,1765,,,,
Samuel Vaughan,M,N,,1802,England,,,England
Samuel Ward,M,N,1725,1776,"Newport, Rhode Island, America",Newport,Rhode Island,America
Samuel Wharton,M,N,1732,1800,"Philadelphia, Pennsylvania, America",Philadelphia,Pennsylvania,America
Sarah Broughton,F,N,,,,,,
Sarah Drury,F,N,,,,,,
Sarah Franklin Bache,F,Y,1743,1808,"Philadelphia, Pennsylvania, America",Philadelphia,Pennsylvania,America
Sargent Aufrere & Co.,G,N,,,"London, Greater London, England",London,Greater London,England
Secret Committee,G,N,,,"Philadelphia, Pennsylvania, America",Philadelphia,Pennsylvania,America
Selectmen of Boston,G,N,,,"Boston, Massachusetts, America",Boston,Massachusetts,America
Seth Paddack,M,Y,1741,,"Nantucket, Massachusetts, America",Nantucket,Massachusetts,America
Silas Deane,M,N,1737,1789,"Groton, Connecticut, America",Groton,Connecticut,America
"Smith, Wright, & Gray",G,N,,,"London, Greater London, England",London,Greater London,England
Society of the Arts,G,N,,,"London, Greater London, England",London,Greater London,England
Solomon Williams,M,N,1774,1776,"Hatfield, Massachusetts, America",Hatfield,Massachusetts,America
Speaker of the Pennsylvania Assembly,G,N,,,"Philadelphia, Pennsylvania, America",Philadelphia,Pennsylvania,America
Speakers of the Colonial Assemblies,G,N,,,America,,,America
Springett Penn,M,N,1739,1766,,,,
Stephen Cottrell,M,N,1738,1818,England,,,England
Stephen Crane,M,N,1709,1780,"Elizabeth, New Jersey, America",Elizabeth,New Jersey,America
Susannah Jennings,F,N,1725,1802,England,,,England
The Boston Gazette,G,N,,,"Boston, Massachusetts, America",,,
Theodore Forbes Lieth,M,N,1746,1819,"Aberdeenshire, Scotland",,Aberdeenshire,Scotland
Theodorus Swaine Drage,M,N,1712,1774,"London, Greater London, England",London,Greater London,England
Theophylact Bache,M,N,1734,1807,"Settle, Yorkshire, England",Settle,Yorkshire,England
The Pennsylvania Gazette,G,N,,,"Philadelphia, Pennsylvania, America",Philadelphia,Pennsylvania,America
Thomas Becket,M,N,,,,,,
Thomas Birch,M,N,1705,1766,"London, Greater London, England",London,Greater London,England
Thomas Bond,M,N,1713,1784,,,,
Thomas Bromfield,M,N,1733,1816,"Boston, Massachusetts, America",Boston,Massachusetts,America
Thomas Clifford,M,N,1722,1793,"Bucks County, Pennsylvania, America",Bucks County,Pennsylvania,America
Thomas Collinson,M,N,1726,1803,England,,,England
"Thomas Coombe, Jr.",M,N,1747,1822,"Philadelphia, Pennsylvania, America",Philadelphia,Pennsylvania,America
"Thomas Coombe, Sr.",M,N,1721,1799,,,,
Thomas Crowley,M,N,,1787,England,,,England
Thomas Cumming,M,N,,1774,,,,
Thomas Cushing,M,N,1725,1788,"Boston, Massachusetts, America",Boston,Massachusetts,America
Thomas Fitzmaurice,M,N,1742,1793,England,,,England
Thomas Foulger,M,Y,,,"Illington, Norfolk, England",Illington,Norfolk,England
Thomas Foxcroft,M,N,,,,,,
Thomas-François Dalibard,M,N,1709,1799,"Crannes, France",Crannes,,France
Thomas Franklin,M,Y,,,England,,,England
Thomas Gilpin,M,N,1727,1778,"Cecil County, Maryland, America",Cecil County,Maryland,America
Thomas Gordon,M,N,1712,1772,Scotland,,,Scotland
Thomas Holme,M,N,,,"Wellingborough, Northamptonshire, England",Wellingborough,Northamptonshire,England
Thomas Hubbard,M,N,1702,1773,"Boston, Massachusetts, America",Boston,Massachusetts,America
Thomas Hutchinson,M,N,1711,1780,"Boston, Massachusetts, America",Boston,Massachusetts,America
Thomas Leech,M,N,1686,1762,,,,
Thomas Life,M,N,,,,,,
Thomas Livezey,M,N,,1790,,,,
Thomas Lloyd,M,N,,,"Virginia, America",,Virginia,America
Thomas Mifflin,M,N,1744,1800,"Philadelphia, Pennsylvania, America",Philadelphia,Pennsylvania,America
Thomas Moffatt,M,N,1702,1787,Scotland,,,Scotland
Thomas Mumford,M,N,1728,1799,America,,,America
Thomas O'Gorman,M,N,1732,1809,"Castletown, County Clare, Ireland",Castletown,County Clare,Ireland
Thomas Osborne,M,N,1704,1767,"London, Greater London, England",London,Greater London,England
Thomas Paine,M,N,1737,1809,"Thetford, Norfolk, England",Thetford,Norfolk,England
Thomas Penington,M,N,,,,,,
Thomas Penn,M,N,1702,1775,"London, Greater London, England",London,Greater London,England
Thomas Percival,M,N,1740,1804,"Warrington, Lancashire, England",Warrington,Lancashire,England
Thomas Pitt,M,N,1737,1793,"Boconnoc, Cornwall, England",Boconnoc,Cornwall,England
Thomas Potts,M,N,1735,1785,"Colebrookdale, Berks County, Pennsylvania, America",Colebrookedale,Pennsylvania,America
Thomas Pownall,M,N,1722,1805,"Lincoln, Lincolnshire, England",Lincoln,Lincolnshire,England
Thomas Randall & Son,G,N,,,"New York City, New York, America",New York City,New York,America
Thomas Ringgold,M,N,1715,1772,"Chestertown, Maryland, America",Chestertown,Maryland,America
Thomas Robinson Grantham,M,N,1695,1770,England,,,England
Thomas Ronayne,M,N,,1800,Ireland,,,Ireland
Thomas Taunton,M,N,,,"London, Greater London, England",London,Greater London,England
Thomas Vernon,M,N,1718,1784,America,,,America
Thomas Viny,M,N,,,England,,,England
Thomas Walker,M,Y,,,England,,,England
Thomas Walpole,M,N,1727,1803,England,,,England
Thomas Wharton,M,N,1731,1782,America,,,America
Thomas Whately,M,N,1728,1772,"Epsom, Surrey, England",Epsom,Surrey,England
Thomas Willing,M,N,1731,1821,"Philadelphia, Pennsylvania, America",Philadelphia,Pennsylvania,America
Thomas Wolrich,M,N,,1791,,,,
Timothy Folger,M,Y,1732,,"Nantucket, Massachusetts, America",Nantucket,Massachusetts,America
Timothy Goolding,M,N,,,,,,
Timothy Horsfield,M,N,1708,1773,"Liverpool, Merseyside, England",Liverpool,Merseyside,England
Timothy Lane,M,N,1734,1817,"London, Greater London, England",London,Greater London,England
Trevor Newland,M,N,,,England,,,England
Trustees of the Burlington Free School,G,N,,,"Burlington, New Jersey, America",Burlington,New Jersey,America
Trustees of the General Loan Office,G,N,,,,,,
Tuckwell and Cooper,G,N,,,,,,
Tuthill Hubbart,M,N,1720,1808,,,,
University of Saint Andrews,G,N,,,,,,
unspecified,U,,,,,,,
Victor-Amé-Philippe Ferrero de Fiesque,M,N,,,Spain,,,Spain
Virginia Delegates to Congress,G,N,,,"Virginia, America",,Virginia,America
William Alexander,M,N,1726,1783,"New York City, New York, America",New York City,New York,America
William Allen,M,N,1704,1780,,,,
William Ansell,M,N,,,England,,,England
William Bean,M,N,,,,,,
William Bollan,M,N,1710,1776,England,,,England
William Bowden,M,N,,1780,,,,
William Bradford,M,N,1722,1791,"New York City, New York, America",New York City,New York,America
William Browne,M,N,1692,1774,England,,,England
William Brownrigg,M,N,1711,1800,"High Close Hall, Cumberland, England",High Close Hall,Cumberland,England
William Canton,M,N,,,,,,
William Coleman,M,N,1704,1769,,,,
William Cooper,M,N,1721,1809,"Boston, Massachusetts, America",Boston,Massachusetts,America
William Cullen,M,N,1710,1790,"Hamilton, Lanarkshire, Scotland",Hamilton,Lanarkshire,Scotland
William Curtis,M,N,1746,1799,,,,
William Deane,M,N,,1775,,,,
William Denny,M,N,1709,1765,"Hertfordshire, England",,Hertfordshire,England
William Dillwyn,M,N,1743,1824,America,,,America
William Dunlap,M,N,,1799,,,,
William Forbes,M,N,,,,,,
William Franklin,M,Y,1731,1813,"Philadelphia, Pennsylvania, America",Philadelphia,Pennsylvania,America
William Frizzel,M,N,,,,,,
William Goddard,M,N,1740,1817,"New London, Connecticut, America",New London,Connecticut,America
William Govett,M,N,1736,1817,,,,
William Greene,M,N,1731,1809,"Warwick, Rhode Island, America",Warwick,Rhode Island,America
William Hall,M,N,1751,,"Philadelphia, Pennsylvania, America",Philadelphia,Pennsylvania,America
William Heberden,M,N,1710,1801,"London, Greater London, England",London,Greater London,England
William Henly,M,N,,1779,England,,,England
William Hewson,M,N,1739,1774,"Hexham, Northumberland, England",Hexham,Northumberland,England
William Hick,M,N,,,America,,,America
William Hunter (? - 1761),M,N,,1761,,,,
William Hunter (1718-1783),M,N,1718,1783,"East Kilbride, Lanarkshire, Scotland",East Kilbride,Lanarkshire,Scotland
William Johnson,M,N,1715,1774,"Smithtown, County Meath, Ireland",Smithtown,County Meath,Ireland
William Knox,M,N,1732,1810,"Monaghan, Ireland",Monaghan,,Ireland
William Lee,M,N,1739,1795,"Westmoreland County, Virginia, America",Westmoreland County,Virginia,America
William Legge,M,N,1731,1801,England,,,England
William Limner,M,N,,,England,,,England
William Logan,M,N,1718,1776,"Philadelphia, Pennsylvania, America",Philadelphia,Pennsylvania,America
William Marshall,M,N,1740,1802,Scotland,,,Scotland
William Masters,M,N,1735,1788,,,,
William Mickle,M,N,1735,1788,"Langholm, Dumfriesshire, Scotland",Langholm,Dumfriesshire,Scotland
William Molleson,M,N,,,,,,
William Murdock,M,N,1710,1769,"Maryland, America",,Maryland,America
William Neate,M,N,,1775,England,,,England
William Outram,M,N,,,,,,
William Parsons,M,N,,,England,,,England
William Ponsonby,M,N,1704,1793,Ireland,,,Ireland
William Robertson,M,N,1721,1793,"Borthwick, Midlothian, Scotland",Borthwick,Midlothian,Scotland
William Saunders,M,N,1743,1817,"Banff, Scotland",Banff,,Scotland
"William Shippen, Jr.",M,N,1736,1808,"Philadelphia, Pennsylvania, America",Philadelphia,Pennsylvania,America
William Small,M,N,1734,1775,"Carmyllie, Scotland",Carmyllie,,Scotland
William Smith,M,N,1727,1803,"Aberdeen, Scotland",Aberdeen,,Scotland
William Strahan,M,N,1715,1785,"Edinburgh, Scotland",Edinburgh,,Scotland
William Sturgeon,M,N,1722,1770,England,,,England
William Temple Franklin,M,Y,1760,1823,"London, Greater London, England",London,Greater London,England
William Thomson,M,N,,1802,England,,,England
William Trent,M,N,1715,1787,"Philadelphia, Pennsylvania, America",Philadelphia,Pennsylvania,America
William Watson,M,N,1715,1787,"London, Greater London, England",London,Greater London,England
William Whately,M,N,,,"London, Greater London, England",London,Greater London,England
York County Committee,G,N,,,"York, Pennsylvania, America",York,Pennsylvania,America
Zachariah Hood,M,N,,,"Maryland, America",,Maryland,America
